{
"lengthUnit": "mil",
"remark": [],
"components": {
	"fields": ["COMPONENT_NO", "COMPONENT_NAME", "LAYER", "X_COORDINATE", "Y_COORDINATE", "ANGLE"],
	"rows": [
		[1, "C1", "T", 110.5502, -890.4524, 0],
		[2, "C2", "T", 110.5512, -962.7165, 0],
		[3, "C3", "T", 244.4094, -890.4331, 0],
		[4, "C4", "T", 110, -1040, 0],
		[5, "C5", "T", 245, -1040, 0],
		[6, "C6", "T", 245, -815, 0],
		[7, "C7", "T", 109.572, -814.1371, 0],
		[8, "R1", "T", 244.4094, -962.7165, 0],
		[9, "R2", "T", 110, -1110, 0],
		[10, "R3", "T", 245, -1115, 0],
		[11, "U1", "T", 225.957, -526.5094, 0],
		[12, "U2", "T", 185, -1360, 0],
		[13, "U3", "T", 580, -945, 90],
		[14, "U4", "T", 580, -1305, 90],
		[15, "USB1", "T", 354.3307, -130, 180],
		[16, "X1", "T", 590, -540, 90],
		[17, "PAD1", "T", 196.46, -662.3124, 0],
		[18, "PAD2", "T", 216.16, -662.3124, 0],
		[19, "PAD3", "T", 235.76, -662.3124, 0],
		[20, "PAD4", "T", 361.76, -457.6124, 0],
		[21, "PAD5", "T", 361.76, -418.2124, 0],
		[22, "PAD6", "T", 196.46, -390.7124, 0],
		[23, "PAD7", "T", 176.76, -390.7124, 0],
		[24, "PAD8", "T", 90.16, -556.0124, 0],
		[25, "PAD9", "T", 225.96, -526.5124, 0],
		[26, "PAD10", "T", 590, -636.06, 0],
		[27, "PAD10", "B", 590, -636.06, 0],
		[28, "PAD11", "T", 590, -443.94, 0],
		[29, "PAD11", "B", 590, -443.94, 0],
		[30, "PAD12", "T", 132.0102, -890.4524, 0],
		[31, "PAD13", "T", 89.0902, -890.4524, 0],
		[32, "PAD14", "T", 132.0112, -962.7165, 0],
		[33, "PAD15", "T", 89.0912, -962.7165, 0],
		[34, "PAD16", "T", 271.9694, -890.4331, 0],
		[35, "PAD17", "T", 216.8494, -890.4331, 0],
		[36, "PAD18", "T", 131.46, -1040, 0],
		[37, "PAD19", "T", 88.54, -1040, 0],
		[38, "PAD20", "T", 266.46, -1040, 0],
		[39, "PAD21", "T", 223.54, -1040, 0],
		[40, "PAD22", "T", 272.56, -815, 0],
		[41, "PAD23", "T", 217.44, -815, 0],
		[42, "PAD24", "T", 137.132, -814.1371, 0],
		[43, "PAD25", "T", 82.012, -814.1371, 0],
		[44, "PAD26", "T", 261.4494, -962.7165, 0],
		[45, "PAD27", "T", 227.3694, -962.7165, 0],
		[46, "PAD28", "T", 127.04, -1110, 0],
		[47, "PAD29", "T", 92.96, -1110, 0],
		[48, "PAD30", "T", 262.04, -1115, 0],
		[49, "PAD31", "T", 227.96, -1115, 0],
		[50, "PAD32", "T", 301.927, -1450.55, 0],
		[51, "PAD33", "T", 301.927, -1360, 0],
		[52, "PAD34", "T", 301.927, -1269.45, 0],
		[53, "PAD35", "T", 68.072, -1360, 0],
		[54, "PAD36", "T", 580, -1031.02, 0],
		[55, "PAD37", "T", 580, -858.98, 0],
		[56, "PAD38", "T", 580, -1391.02, 0],
		[57, "PAD39", "T", 580, -1218.98, 0],
		[58, "PAD40", "T", 216.5407, -169.37, 0],
		[59, "PAD40", "B", 216.5407, -169.37, 0],
		[60, "PAD41", "T", 314.9607, -169.37, 0],
		[61, "PAD41", "B", 314.9607, -169.37, 0],
		[62, "PAD42", "T", 393.7007, -169.37, 0],
		[63, "PAD42", "B", 393.7007, -169.37, 0],
		[64, "PAD43", "T", 492.1307, -169.37, 0],
		[65, "PAD43", "B", 492.1307, -169.37, 0]
	]
},
"pins": {
	"fields": ["PIN_NO", "PIN_NAME", "PIN_X", "PIN_Y", "LAYER", "PIN_TYPE", "NET_NAME", "NET_TYPE", "PAD_SHAPE", "PAD_SIZEX", "PAD_SIZEY", "HOLE_SIZE", "HOLE_LEN", "PAD_ANGLE"],
	"rows": [
		[1, "C1_1", 89.0902, -890.4524, "T", "SMD", "$1N1585", "", "R", 31.106, 21.26, 0, 0, 0],
		[2, "C1_2", 132.0102, -890.4524, "T", "SMD", "$1N1581", "", "R", 31.106, 21.26, 0, 0, 0],
		[3, "C2_1", 89.0912, -962.7165, "T", "SMD", "$1N1612", "", "R", 31.106, 21.26, 0, 0, 0],
		[4, "C2_2", 132.0112, -962.7165, "T", "SMD", "$1N1616", "", "R", 31.106, 21.26, 0, 0, 0],
		[5, "C3_1", 216.8494, -890.4331, "T", "SMD", "GND", "GND", "R", 31.496, 35.433, 0, 0, 0],
		[6, "C3_2", 271.9694, -890.4331, "T", "SMD", "$1N1896", "", "R", 31.496, 35.433, 0, 0, 0],
		[7, "C4_1", 88.54, -1040, "T", "SMD", "GND", "GND", "R", 31.106, 21.26, 0, 0, 0],
		[8, "C4_2", 131.46, -1040, "T", "SMD", "$1N1833", "", "R", 31.106, 21.26, 0, 0, 0],
		[9, "C5_1", 223.54, -1040, "T", "SMD", "GND", "GND", "R", 31.106, 21.26, 0, 0, 0],
		[10, "C5_2", 266.46, -1040, "T", "SMD", "$1N1838", "", "R", 31.106, 21.26, 0, 0, 0],
		[11, "C6_1", 217.44, -815, "T", "SMD", "$1N2376", "", "R", 31.496, 35.433, 0, 0, 0],
		[12, "C6_2", 272.56, -815, "T", "SMD", "$1N2381", "", "R", 31.496, 35.433, 0, 0, 0],
		[13, "C7_1", 82.012, -814.1371, "T", "SMD", "$1N2424", "", "R", 31.496, 35.433, 0, 0, 0],
		[14, "C7_2", 137.132, -814.1371, "T", "SMD", "$1N2418", "", "R", 31.496, 35.433, 0, 0, 0],
		[15, "R1_1", 227.3694, -962.7165, "T", "SMD", "3.3V", "", "R", 22.27, 21.26, 0, 0, 0],
		[16, "R1_2", 261.4494, -962.7165, "T", "SMD", "$1N1585", "", "R", 22.27, 21.26, 0, 0, 0],
		[17, "R2_1", 92.96, -1110, "T", "SMD", "GND", "GND", "R", 22.27, 21.26, 0, 0, 0],
		[18, "R2_2", 127.04, -1110, "T", "SMD", "$1N1612", "", "R", 22.27, 21.26, 0, 0, 0],
		[19, "R3_1", 227.96, -1115, "T", "SMD", "$1N1833", "", "R", 22.27, 21.26, 0, 0, 0],
		[20, "R3_2", 262.04, -1115, "T", "SMD", "$1N1838", "", "R", 22.27, 21.26, 0, 0, 0],
		[21, "U1_1", 117.66, -662.3124, "T", "SMD", "NET_1", "", "O", 11.024, 35.433, 0, 0, 0],
		[22, "U1_2", 137.36, -662.3124, "T", "SMD", "NET_2", "", "O", 11.024, 35.433, 0, 0, 0],
		[23, "U1_3", 157.06, -662.3124, "T", "SMD", "NET_3", "", "O", 11.024, 35.433, 0, 0, 0],
		[24, "U1_4", 176.76, -662.3124, "T", "SMD", "NET_4", "", "O", 11.024, 35.433, 0, 0, 0],
		[25, "U1_5", 196.46, -662.3124, "T", "SMD", "$1N1833", "", "O", 11.024, 35.433, 0, 0, 0],
		[26, "U1_6", 216.16, -662.3124, "T", "SMD", "$1N1838", "", "O", 11.024, 35.433, 0, 0, 0],
		[27, "U1_7", 235.76, -662.3124, "T", "SMD", "$1N1581", "", "O", 11.024, 35.433, 0, 0, 0],
		[28, "U1_8", 255.46, -662.3124, "T", "SMD", "NET_5", "", "O", 11.024, 35.433, 0, 0, 0],
		[29, "U1_9", 275.16, -662.3124, "T", "SMD", "NET_6", "", "O", 11.024, 35.433, 0, 0, 0],
		[30, "U1_10", 294.86, -662.3124, "T", "SMD", "NET_7", "", "O", 11.024, 35.433, 0, 0, 0],
		[31, "U1_11", 314.56, -662.3124, "T", "SMD", "NET_8", "", "O", 11.024, 35.433, 0, 0, 0],
		[32, "U1_12", 334.26, -662.3124, "T", "SMD", "NET_9", "", "O", 11.024, 35.433, 0, 0, 0],
		[33, "U1_13", 361.76, -634.8124, "T", "SMD", "NET_10", "", "O", 35.433, 11.024, 0, 0, 0],
		[34, "U1_14", 361.76, -615.1124, "T", "SMD", "NET_11", "", "O", 35.433, 11.024, 0, 0, 0],
		[35, "U1_15", 361.76, -595.4124, "T", "SMD", "NET_12", "", "O", 35.433, 11.024, 0, 0, 0],
		[36, "U1_16", 361.76, -575.7124, "T", "SMD", "NET_13", "", "O", 35.433, 11.024, 0, 0, 0],
		[37, "U1_17", 361.76, -556.0124, "T", "SMD", "NET_14", "", "O", 35.433, 11.024, 0, 0, 0],
		[38, "U1_18", 361.76, -536.3124, "T", "SMD", "NET_15", "", "O", 35.433, 11.024, 0, 0, 0],
		[39, "U1_19", 361.76, -516.7124, "T", "SMD", "NET_16", "", "O", 35.433, 11.024, 0, 0, 0],
		[40, "U1_20", 361.76, -497.0124, "T", "SMD", "NET_17", "", "O", 35.433, 11.024, 0, 0, 0],
		[41, "U1_21", 361.76, -477.3124, "T", "SMD", "NET_18", "", "O", 35.433, 11.024, 0, 0, 0],
		[42, "U1_22", 361.76, -457.6124, "T", "SMD", "$1N1896", "", "O", 35.433, 11.024, 0, 0, 0],
		[43, "U1_23", 361.76, -437.9124, "T", "SMD", "NET_19", "", "O", 35.433, 11.024, 0, 0, 0],
		[44, "U1_24", 361.76, -418.2124, "T", "SMD", "$1N2381", "", "O", 35.433, 11.024, 0, 0, 0],
		[45, "U1_25", 334.26, -390.7124, "T", "SMD", "NET_20", "", "O", 11.024, 35.433, 0, 0, 0],
		[46, "U1_26", 314.56, -390.7124, "T", "SMD", "NET_21", "", "O", 11.024, 35.433, 0, 0, 0],
		[47, "U1_27", 294.86, -390.7124, "T", "SMD", "NET_22", "", "O", 11.024, 35.433, 0, 0, 0],
		[48, "U1_28", 275.16, -390.7124, "T", "SMD", "NET_23", "", "O", 11.024, 35.433, 0, 0, 0],
		[49, "U1_29", 255.46, -390.7124, "T", "SMD", "NET_24", "", "O", 11.024, 35.433, 0, 0, 0],
		[50, "U1_30", 235.76, -390.7124, "T", "SMD", "NET_25", "", "O", 11.024, 35.433, 0, 0, 0],
		[51, "U1_31", 216.16, -390.7124, "T", "SMD", "NET_26", "", "O", 11.024, 35.433, 0, 0, 0],
		[52, "U1_32", 196.46, -390.7124, "T", "SMD", "$1N1101", "", "O", 11.024, 35.433, 0, 0, 0],
		[53, "U1_33", 176.76, -390.7124, "T", "SMD", "$1N1107", "", "O", 11.024, 35.433, 0, 0, 0],
		[54, "U1_34", 157.06, -390.7124, "T", "SMD", "NET_27", "", "O", 11.024, 35.433, 0, 0, 0],
		[55, "U1_35", 137.36, -390.7124, "T", "SMD", "NET_28", "", "O", 11.024, 35.433, 0, 0, 0],
		[56, "U1_36", 117.66, -390.7124, "T", "SMD", "NET_29", "", "O", 11.024, 35.433, 0, 0, 0],
		[57, "U1_37", 90.16, -418.2124, "T", "SMD", "NET_30", "", "O", 35.433, 11.024, 0, 0, 0],
		[58, "U1_38", 90.16, -437.9124, "T", "SMD", "NET_31", "", "O", 35.433, 11.024, 0, 0, 0],
		[59, "U1_39", 90.16, -457.6124, "T", "SMD", "NET_32", "", "O", 35.433, 11.024, 0, 0, 0],
		[60, "U1_40", 90.16, -477.3124, "T", "SMD", "NET_33", "", "O", 35.433, 11.024, 0, 0, 0],
		[61, "U1_41", 90.16, -497.0124, "T", "SMD", "NET_34", "", "O", 35.433, 11.024, 0, 0, 0],
		[62, "U1_42", 90.16, -516.7124, "T", "SMD", "NET_35", "", "O", 35.433, 11.024, 0, 0, 0],
		[63, "U1_43", 90.16, -536.3124, "T", "SMD", "NET_36", "", "O", 35.433, 11.024, 0, 0, 0],
		[64, "U1_44", 90.16, -556.0124, "T", "SMD", "$1N1616", "", "O", 35.433, 11.024, 0, 0, 0],
		[65, "U1_45", 90.16, -575.7124, "T", "SMD", "NET_37", "", "O", 35.433, 11.024, 0, 0, 0],
		[66, "U1_46", 90.16, -595.4124, "T", "SMD", "NET_38", "", "O", 35.433, 11.024, 0, 0, 0],
		[67, "U1_47", 90.16, -615.1124, "T", "SMD", "NET_39", "", "O", 35.433, 11.024, 0, 0, 0],
		[68, "U1_48", 90.16, -634.8124, "T", "SMD", "NET_40", "", "O", 35.433, 11.024, 0, 0, 0],
		[69, "U1_49", 225.96, -526.5124, "T", "SMD", "GND", "GND", "R", 216.535, 216.535, 0, 0, 0],
		[70, "U2_1", 301.927, -1450.55, "T", "SMD", "GND", "GND", "R", 98.425, 43.307, 0, 0, 0],
		[71, "U2_2", 301.927, -1360, "T", "SMD", "$1N2376", "", "R", 98.425, 43.307, 0, 0, 0],
		[72, "U2_3", 301.927, -1269.45, "T", "SMD", "$1N2424", "", "R", 98.425, 43.307, 0, 0, 0],
		[73, "U2_4", 68.072, -1360, "T", "SMD", "$1N2376", "", "R", 92.126, 141.732, 0, 0, 0],
		[74, "U3_1", 580, -1031.02, "T", "SMD", "$1N1585", "", "R", 48.425, 53.543, 0, 0, 90],
		[75, "U3_2", 580, -858.98, "T", "SMD", "GND", "GND", "R", 48.425, 53.543, 0, 0, 90],
		[76, "U4_1", 580, -1391.02, "T", "SMD", "$1N1612", "", "R", 48.425, 53.543, 0, 0, 90],
		[77, "U4_2", 580, -1218.98, "T", "SMD", "3.3V", "", "R", 48.425, 53.543, 0, 0, 90],
		[78, "USB1_1", 216.5407, -169.37, "T", "DIP", "$1N2418", "", "C", 62.992, 62.992, 39.37, 39.37, 90],
		[79, "USB1_1", 216.5407, -169.37, "B", "DIP", "$1N2418", "", "C", 62.992, 62.992, 39.37, 39.37, 90],
		[80, "USB1_2", 314.9607, -169.37, "T", "DIP", "$1N1101", "", "C", 62.992, 62.992, 39.37, 39.37, 90],
		[81, "USB1_2", 314.9607, -169.37, "B", "DIP", "$1N1101", "", "C", 62.992, 62.992, 39.37, 39.37, 90],
		[82, "USB1_3", 393.7007, -169.37, "T", "DIP", "$1N1107", "", "C", 62.992, 62.992, 39.37, 39.37, 90],
		[83, "USB1_3", 393.7007, -169.37, "B", "DIP", "$1N1107", "", "C", 62.992, 62.992, 39.37, 39.37, 90],
		[84, "USB1_4", 492.1307, -169.37, "T", "DIP", "GND", "GND", "C", 62.992, 62.992, 39.37, 39.37, 90],
		[85, "USB1_4", 492.1307, -169.37, "B", "DIP", "GND", "GND", "C", 62.992, 62.992, 39.37, 39.37, 90],
		[86, "USB1_5", 590.5507, -90.63, "T", "DIP", "NET_41", "", "C", 133.858, 133.858, 102.362, 102.362, 90],
		[87, "USB1_5", 590.5507, -90.63, "B", "DIP", "NET_41", "", "C", 133.858, 133.858, 102.362, 102.362, 90],
		[88, "USB1_6", 118.1107, -90.63, "T", "DIP", "NET_42", "", "C", 133.858, 133.858, 102.362, 102.362, 90],
		[89, "USB1_6", 118.1107, -90.63, "B", "DIP", "NET_42", "", "C", 133.858, 133.858, 102.362, 102.362, 90],
		[90, "X1_1", 590, -636.06, "T", "DIP", "$1N1833", "", "R", 59.055, 59.055, 35.434, 35.434, 90],
		[91, "X1_1", 590, -636.06, "B", "DIP", "$1N1833", "", "R", 59.055, 59.055, 35.434, 35.434, 90],
		[92, "X1_2", 590, -443.94, "T", "DIP", "$1N1838", "", "C", 59.055, 59.055, 35.434, 35.434, 90],
		[93, "X1_2", 590, -443.94, "B", "DIP", "$1N1838", "", "C", 59.055, 59.055, 35.434, 35.434, 90],
		[94, "PAD1_5", 196.46, -662.3124, "T", "SMD", "$1N1833", "", "O", 11.024, 35.433, 0, 0, 0],
		[95, "PAD2_6", 216.16, -662.3124, "T", "SMD", "$1N1838", "", "O", 11.024, 35.433, 0, 0, 0],
		[96, "PAD3_7", 235.76, -662.3124, "T", "SMD", "$1N1581", "", "O", 11.024, 35.433, 0, 0, 0],
		[97, "PAD4_22", 361.76, -457.6124, "T", "SMD", "$1N1896", "", "O", 35.433, 11.024, 0, 0, 0],
		[98, "PAD5_24", 361.76, -418.2124, "T", "SMD", "$1N2381", "", "O", 35.433, 11.024, 0, 0, 0],
		[99, "PAD6_32", 196.46, -390.7124, "T", "SMD", "$1N1101", "", "O", 11.024, 35.433, 0, 0, 0],
		[100, "PAD7_33", 176.76, -390.7124, "T", "SMD", "$1N1107", "", "O", 11.024, 35.433, 0, 0, 0],
		[101, "PAD8_44", 90.16, -556.0124, "T", "SMD", "$1N1616", "", "O", 35.433, 11.024, 0, 0, 0],
		[102, "PAD9_49", 225.96, -526.5124, "T", "SMD", "GND", "GND", "R", 216.535, 216.535, 0, 0, 0],
		[103, "PAD10_1", 590, -636.06, "T", "DIP", "$1N1833", "", "R", 59.055, 59.055, 35.434, 35.434, 90],
		[104, "PAD10_1", 590, -636.06, "B", "DIP", "$1N1833", "", "R", 59.055, 59.055, 35.434, 35.434, 90],
		[105, "PAD11_2", 590, -443.94, "T", "DIP", "$1N1838", "", "C", 59.055, 59.055, 35.434, 35.434, 90],
		[106, "PAD11_2", 590, -443.94, "B", "DIP", "$1N1838", "", "C", 59.055, 59.055, 35.434, 35.434, 90],
		[107, "PAD12_2", 132.0102, -890.4524, "T", "SMD", "$1N1581", "", "R", 31.106, 21.26, 0, 0, 0],
		[108, "PAD13_1", 89.0902, -890.4524, "T", "SMD", "$1N1585", "", "R", 31.106, 21.26, 0, 0, 0],
		[109, "PAD14_2", 132.0112, -962.7165, "T", "SMD", "$1N1616", "", "R", 31.106, 21.26, 0, 0, 0],
		[110, "PAD15_1", 89.0912, -962.7165, "T", "SMD", "$1N1612", "", "R", 31.106, 21.26, 0, 0, 0],
		[111, "PAD16_2", 271.9694, -890.4331, "T", "SMD", "$1N1896", "", "R", 31.496, 35.433, 0, 0, 0],
		[112, "PAD17_1", 216.8494, -890.4331, "T", "SMD", "GND", "GND", "R", 31.496, 35.433, 0, 0, 0],
		[113, "PAD18_2", 131.46, -1040, "T", "SMD", "$1N1833", "", "R", 31.106, 21.26, 0, 0, 0],
		[114, "PAD19_1", 88.54, -1040, "T", "SMD", "GND", "GND", "R", 31.106, 21.26, 0, 0, 0],
		[115, "PAD20_2", 266.46, -1040, "T", "SMD", "$1N1838", "", "R", 31.106, 21.26, 0, 0, 0],
		[116, "PAD21_1", 223.54, -1040, "T", "SMD", "GND", "GND", "R", 31.106, 21.26, 0, 0, 0],
		[117, "PAD22_2", 272.56, -815, "T", "SMD", "$1N2381", "", "R", 31.496, 35.433, 0, 0, 0],
		[118, "PAD23_1", 217.44, -815, "T", "SMD", "$1N2376", "", "R", 31.496, 35.433, 0, 0, 0],
		[119, "PAD24_2", 137.132, -814.1371, "T", "SMD", "$1N2418", "", "R", 31.496, 35.433, 0, 0, 0],
		[120, "PAD25_1", 82.012, -814.1371, "T", "SMD", "$1N2424", "", "R", 31.496, 35.433, 0, 0, 0],
		[121, "PAD26_2", 261.4494, -962.7165, "T", "SMD", "$1N1585", "", "R", 22.27, 21.26, 0, 0, 0],
		[122, "PAD27_1", 227.3694, -962.7165, "T", "SMD", "3.3V", "", "R", 22.27, 21.26, 0, 0, 0],
		[123, "PAD28_2", 127.04, -1110, "T", "SMD", "$1N1612", "", "R", 22.27, 21.26, 0, 0, 0],
		[124, "PAD29_1", 92.96, -1110, "T", "SMD", "GND", "GND", "R", 22.27, 21.26, 0, 0, 0],
		[125, "PAD30_2", 262.04, -1115, "T", "SMD", "$1N1838", "", "R", 22.27, 21.26, 0, 0, 0],
		[126, "PAD31_1", 227.96, -1115, "T", "SMD", "$1N1833", "", "R", 22.27, 21.26, 0, 0, 0],
		[127, "PAD32_1", 301.927, -1450.55, "T", "SMD", "GND", "GND", "R", 98.425, 43.307, 0, 0, 0],
		[128, "PAD33_2", 301.927, -1360, "T", "SMD", "$1N2376", "", "R", 98.425, 43.307, 0, 0, 0],
		[129, "PAD34_3", 301.927, -1269.45, "T", "SMD", "$1N2424", "", "R", 98.425, 43.307, 0, 0, 0],
		[130, "PAD35_4", 68.072, -1360, "T", "SMD", "$1N2376", "", "R", 92.126, 141.732, 0, 0, 0],
		[131, "PAD36_1", 580, -1031.02, "T", "SMD", "$1N1585", "", "R", 48.425, 53.543, 0, 0, 90],
		[132, "PAD37_2", 580, -858.98, "T", "SMD", "GND", "GND", "R", 48.425, 53.543, 0, 0, 90],
		[133, "PAD38_1", 580, -1391.02, "T", "SMD", "$1N1612", "", "R", 48.425, 53.543, 0, 0, 90],
		[134, "PAD39_2", 580, -1218.98, "T", "SMD", "3.3V", "", "R", 48.425, 53.543, 0, 0, 90],
		[135, "PAD40_1", 216.5407, -169.37, "T", "DIP", "$1N2418", "", "C", 62.992, 62.992, 39.37, 39.37, 90],
		[136, "PAD40_1", 216.5407, -169.37, "B", "DIP", "$1N2418", "", "C", 62.992, 62.992, 39.37, 39.37, 90],
		[137, "PAD41_2", 314.9607, -169.37, "T", "DIP", "$1N1101", "", "C", 62.992, 62.992, 39.37, 39.37, 90],
		[138, "PAD41_2", 314.9607, -169.37, "B", "DIP", "$1N1101", "", "C", 62.992, 62.992, 39.37, 39.37, 90],
		[139, "PAD42_3", 393.7007, -169.37, "T", "DIP", "$1N1107", "", "C", 62.992, 62.992, 39.37, 39.37, 90],
		[140, "PAD42_3", 393.7007, -169.37, "B", "DIP", "$1N1107", "", "C", 62.992, 62.992, 39.37, 39.37, 90],
		[141, "PAD43_4", 492.1307, -169.37, "T", "DIP", "GND", "GND", "C", 62.992, 62.992, 39.37, 39.37, 90],
		[142, "PAD43_4", 492.1307, -169.37, "B", "DIP", "GND", "GND", "C", 62.992, 62.992, 39.37, 39.37, 90]
	]
}
}